Resim,Ürün Adı,Ürün Kodu,Son Fiyat,Eski Fiyat,Açıklama,Kategori,Kaynak,Tarih
https://cdn2.a101.com.tr/dbmk89vnr/CALL/Image/get/yYbznng-9y_500x500.png,Birşah Yarım Yağlı Süt 1 L,12000013,"₺28,00",-,"Birşah Yarım Yağlı Süt, içeriğinde yüksek besin değerleri bulundurur. Ultra yüksek sıcaklık tekniği ile üretilen ürün, kaynatılmadan tüketilebilir. Mutfakların vazgeçilmez ürünü olan Birşah Yarım Yağlı Süt, üstün lezzetiyle yapılan tariflere ayrı bir lezzet katar. Hem tatlı hem de tuzlu tarifler için kullanılabilir bir üründür. 
Saklama Koşulları 
Buzdolabında saklanması gerekir.
İçindekiler 
Yarım yağlı inek sütü, %1.5 yağlı UHT içme sütü
Besin Değerleri 
100 ml Birşah Yarım Yağlı Süt, 44 kaloridir. Diğer besin değerleri şu şekildedir : 
      100 ml için
100 ml için % RA*
1 porsiyon için (250 ml)
1 porsiyon için % RA*
Enerji (kj/kcal)
182/44
%2
455/110
%5
Yağ (gr)
1.5
%2
3.8
%5
Doymuş Yağ (gr)
1.1
%6
2.8
%15
Karbonhidrat (gr)
4.6
%2
12.0
%5
Şekerler (gr)
3.0
%3
8.0
%8
Protein (gr)
3.0
%6
8.0
%15
Tuz (gr)
0.2
%3
1.0
%6
Alerjen Uyarısı 
Süt ve laktoz içerir.
Kullanım Önerisi 
Yulaf, müsli, granola gibi ürünler ile beraber tüketilebilir. Kahve, salep, çikolata tozu gibi içeceklerin hazırlanmasında ve kek, poğaça gibi hamur işlerinin yapımında kullanılabilir. Beşamel sosun ana malzemesi olan süt ile lezzetli yemekler hazırlayabilirsiniz. Birşah Yarım Yağlı Süt,  soğuk veya ısıtılarak tüketilebilir.
  Bu üründen en fazla 12 adet sipariş verilebilir. Belirtilen adet üzerindeki siparişlerin iptal edilmesi hakkı saklıdır.
 
Teslimat adresinize göre ürünün stok durumu değişebilir. Teslimat adresinizi ekledikten sonra ürün stok durumunu görüntüleyebilirsiniz.",Süt Ürünleri ve Kahvaltılıklar,https://www.a101.com.tr/kapida/sut-urunleri-kahvaltilik/birsah-yarim-yagli-sut-1-l_p-12000013,11/10/2024 15:02
https://cdn2.a101.com.tr/dbmk89vnr/CALL/Image/get/Vj0YTQaaJk_500x500.png,Birşah Yağlı Süt 1 L,12000001,"₺26,00","₺29,75","Hemen her tatlı ve bazı hamur işleri için kullanılan süt, mutfakların vazgeçilmez temel malzemelerindendir. Birşah Yağlı Süt, UHT ( Ultra Yüksek Sıcaklık ) tekniği ile üretilmiştir. Ürün %3.1 yağlı UHT içme sütü içerir ve homojenize edildiği için yağı üzerinde birikmez. 
Saklama Koşulları 
Ürünü direkt güneş ışığı almayan yerde muhafaza etmeniz önerilir. Birşah Yağlı Süt, ağzı açılmadan oda sıcaklığında saklanabilir. Ağzı açıldıktan sonra buzdolabında muhafaza edilmesi gerekir ve tercihen 2 gün içerisinde tüketilmelidir. 
  İçindekiler 
İnek sütü, %3.1 yağlı UHT içme sütü
Besin Değerleri 
100 ml için besin değerleri aşağıdaki tabloda gösterilmektedir: 
  100 ml için
100 ml için % RA*
1 porsiyon için (250 ml)
1 porsiyon için % RA*
Enerji (kj/kcal)
240/57
%3
600/143
%8
Yağ (gr)
3.1
%4
7.8
%10
 Doymuş Yağ (gr)
2.2
%11
5.5
%28
Karbonhidrat (gr)
4.3
%2
10.8
%5
Şekerler (gr)
3.7
%4
9.3
%10
Protein (gr)
3.1
%6
7.8
%15
Tuz (gr)
0.3
%5
0.8
%13
  Alerjen Uyarısı 
İnek sütü içerir.
Kullanım Önerisi 
Tatlı ve tuzlu tarifler başta olmak üzere kullanım alanı oldukça geniştir. Soğuk veya sıcak tüketilebilir. Başta kek olmak üzere pek çok tatlı yapımında kullanılır. Lezzetli yulaf lapası tarifleri için Birşah Yağlı Süt kullanılabilir.
    Bu üründen en fazla 12 adet sipariş verilebilir. Belirtilen adet üzerindeki siparişlerin iptal edilmesi hakkı saklıdır.

Teslimat adresinize göre ürünün stok durumu değişebilir. Teslimat adresinizi ekledikten sonra ürün stok durumunu görüntüleyebilirsiniz.",Süt Ürünleri ve Kahvaltılıklar,https://www.a101.com.tr/kapida/sut-urunleri-kahvaltilik/birsah-yagli-sut-1-l_p-12000001,11/10/2024 15:02
https://cdn2.a101.com.tr/dbmk89vnr/CALL/Image/get/8hVJY6VdNZ_500x500.png,Birşah Tam Yağlı Süt 1 L,12000244,"₺32,50",-,"Birşah Tam Yağlı Süt içerisinde bulunan mineraller sayesinde uzun süre tüketime uygundur. Kullanım yelpazesinin oldukça geniş olması sebebiyle herkesin buzdolabında eksik olmayan bir üründür. Tatlısından yemeğine birçok ürünün yapımında kullanılır. Özellikle çocuklar için vazgeçilmezdir. Böyle olmasında tadının güzel olması etkilidir. Tadındaki lezzet dengelerinin tam olarak yakalanması aromasının en güzel şekilde ortaya çıkmasında yardımcı olur. 
  Saklama Koşulları 
  Buzdolabında saklanması tavsiye edilir. 
  İçindekiler 
  İnek sütü kullanılır. Ürün, minimum olarak %3,5 oranında süt yağı içerir.
  Besin Değerleri 
  Bu ürünün 100 ml’inde 59,5 kalori bulunur. Bir kutusu ise 1 litreden oluşur. 200 ml’i baz alınarak hesaplanan besin değerleri aşağıdaki tabloda gösterildiği gibidir. 
    Enerji
119 kcal
Şeker
8,8 g
Yağ
6,4 g
Protein
5,8 g
Doymuş Yağ
4,2 g
Sodyum
0,0 g
    Alerjen Uyarısı 
  İnek sütü içerir.
  Kullanım Önerisi 
  Pasta, kek, krema vb. yapımında kendisine kullanım alanı bulunur. Neredeyse tüm tatlıların ana malzemesi olarak görev alır. Tatlının yanı sıra yoğurt yapında da kullanıldığı için yoğurt severler tarafından vazgeçilmez bir ürün olarak yerini alır. 
  Bu üründen en fazla 12 adet sipariş verilebilir. Belirtilen adet üzerindeki siparişlerin iptal edilmesi hakkı saklıdır.

Teslimat adresinize göre ürünün stok durumu değişebilir. Teslimat adresinizi ekledikten sonra ürün stok durumunu görüntüleyebilirsiniz.",Süt Ürünleri ve Kahvaltılıklar,https://www.a101.com.tr/kapida/sut-urunleri-kahvaltilik/birsah-tam-yagli-sut-1-l_p-12000244,11/10/2024 15:02
https://cdn2.a101.com.tr/dbmk89vnr/CALL/Image/get/zZWw7wPP8n_500x500.png,Birşah Yağsız Süt 1 L,12000319,"₺23,50",-,"Gelişimi destekleyen en önemli ürünlerden biri olan inek sütündeki fazla yağın alınmasının ardından paketlenerek satışa sunulan Birşah Yağsız Süt, hem çocuklar hem de yetişkinler tarafından tercih edilir. Sade olarak içilebildiği gibi kahvelerin üzerine de eklenen yağsız süt, tatlı yapımı için de sıklıkla kullanılır. Eşsiz lezzeti ve doğal içeriği ile buzdolabınızda bulunması gereken ürünler arasında yer almaktadır.
  Genel Özellikler
Ürün Türü: Süt
İçerik: Yağsız
Toplam Ağırlık: 1 lt
  Bu üründen en fazla 12 adet sipariş verilebilir. Belirtilen adet üzerindeki siparişlerin iptal edilmesi hakkı saklıdır.
 
Teslimat adresinize göre ürünün stok durumu değişebilir. Teslimat adresinizi ekledikten sonra ürün stok durumunu görüntüleyebilirsiniz.",Süt Ürünleri ve Kahvaltılıklar,https://www.a101.com.tr/kapida/sut-urunleri-kahvaltilik/birsah-yagsiz-sut-1-l_p-12000319,11/10/2024 15:02
https://cdn2.a101.com.tr/dbmk89vnr/CALL/Image/get/uCWBaa0ASw_500x500.png,Birşah Laktozsuz Süt 1 L,12000274,"₺30,00","₺34,50","Birşah laktozsuz süt,  1 litrelik ambalajında sunulur. UHT ( Ultra Yüksek Sıcaklık) tekniği ile üretilir. Homojen edildiği için yağı üzerinde birikmez. Genellikle sabah kahvaltıda gece uykusundan önce içilmesi tercih edilse de gün içinde her öğün içilmesi uygundur. Zengin besin değerleri sayesinde çocukların tüketimi önerilir. Gün içinde gereken besin değerlerinin alınmasına katkı sağlar.

  Saklama Koşulları
  Buzdolabında muhafaza edilmesi ve 2 gün içinde tüketilmesi uygundur. Son tüketim tarihi geçmeden kullanılması gerekir.

  İçindekiler 
İnek sütü ve laktaz enzimi bulunur.

  Besin Değerleri 
Ürünün 100 g / ml için besin değerleri aşağıdaki tabloda gösterilmiştir:
  Besin Değer
100 g / ml
Enerji (kcal)
172/41
Yağ (g)
1.0
Doymuş Yağ (g)
0.7
Karbonhidrat (g)
4.8
Tuz (g)
0.1
Şeker (g)
4.8
Protein (g)
3.0
    Alerjen Uyarısı 
Laktoz içerir.
  Kullanım Önerisi 
Sütü kaynatmaya gerek yoktur. Ürünün soğuk veya sıcak şekilde tüketilmesi uygundur. İster tatlı ve pastalarda ister yemeklerde ve soslarda kullanabileceğiniz Birşah süt, sindiriminin kolay olması ile vazgeçilmez olur. 
    Bu üründen en fazla 12 adet sipariş verilebilir. Belirtilen adet üzerindeki siparişlerin iptal edilmesi hakkı saklıdır.
 
Teslimat adresinize göre ürünün stok durumu değişebilir. Teslimat adresinizi ekledikten sonra ürün stok durumunu görüntüleyebilirsiniz.",Süt Ürünleri ve Kahvaltılıklar,https://www.a101.com.tr/kapida/sut-urunleri-kahvaltilik/birsah-laktozsuz-sut-1-l_p-12000274,11/10/2024 15:02
https://cdn2.a101.com.tr/dbmk89vnr/CALL/Image/get/8ND9CjVBQR_500x500.png,Birşah Pastörize Yağlı Süt 1 L,12002116,"₺30,00",-,"Birşah Pastörize Yağlı Süt 1 Lt
  Süt, besin değeri yüksek olan bir üründür. Süt ve süt ürünleri, gelişim çağında olan çocuklar ve yetişkinler için sunduğu yüksek oranda besin değerleri açısından tercih sebebi olmakta. Türk Gıda Kodeksine uygun olarak üretilen Birşah Pastörize Doğal Yağlı Süt 1lt halinde paketlenmiştir. İçerisinde barındırdığı B, C vitaminleri, riboflavin ve protein açısından zengin olan Birşah Pastörize Yağlı Süt direkt olarak içilebilir ve çeşitli tariflerde kullanıma uyum sağlar.
  Saklama Koşulları
  Buzdolabında muhafaza edilirken orijinal ambalajında ve kapağı kapalı bir şekilde saklanması tavsiye edilir.
    İçindekiler
  Pastörize İnek Sütü
  Besin Değerleri
  100 ml Birşah Yağlı Sütte 62 kalori bulunur. 100 mililitre besin değerleri şu şekildedir.
    Enerji (kcal)
62
Karbonhidrat (g)
5.42
Protein (g)
3.33
Yağ
3.33
Kolesterol (mg)
15
Sodyum (mg)
52
Kalsiyum (mg)
125
Vitamin A (iu)
125
  Alerjen Uyarısı
  Süt ve süt ürünleri içermektedir. 
    Kullanım Önerisi
  Direkt olarak soğuk ve ısıtılmış bir şekilde içilebilir. Sütlü kahve pişirebilir ya da sütünüze bal ekleyebilirsiniz. Birşah Pastörize Yağlı Süt ile çeşitli hamur işi ve içecek karışımları hazırlayabilirsiniz. Ayrıca bulunduğunuz yaş grubuna göre günlük almanız gereken porsiyon miktarı vardır. Size en uygun tüketim miktarını (porsiyon) belirleyerek tüketmenizde doğru bir yaklaşım olacaktır.


 

 


Teslimat adresinize göre ürünün stok durumu değişebilir. Teslimat adresinizi ekledikten sonra ürün stok durumunu görüntüleyebilirsiniz.",Süt Ürünleri ve Kahvaltılıklar,https://www.a101.com.tr/kapida/sut-urunleri-kahvaltilik/birsah-pastorize-yagli-sut-1-l_p-12002116,11/10/2024 15:03
https://cdn2.a101.com.tr/dbmk89vnr/CALL/Image/get/gwrTtmJh3v_500x500.png,Pınar Çocuk Sütü 200 Ml,12001506,"₺16,00",-,"Pınar Çocuk Sütü 200 Ml
Pınar Çocuk Sütü 200 ml ürünü, çocukların ihtiyaç duyulan günlük vitamin ve mineral gereksinimlerini karşılar. Çocuklar için oldukça faydalı ve lezzetli bir ürünüdür. Çocuk gelişimi için oldukça önem taşır.
Saklama Koşulları
Serin ve kuru ortamda muhafaza edilmelidir. Paket açıldıktan sonra kısa süre içerisinde tüketilmelidir.
İçindekiler
C ve K vitaminleri, eser miktarda; niacin, probiyotik lif, maltodekstrin, timin, folat.
Besin Değerleri
100 gram için besin değerleri şu şekildedir;
Enerji (kcal) 67.24
Yağ (gr) 3.0
Protein (gr) 2.26
Karbonhidrat (gr) 7.8
A Vitamini (IU) 60
C Vitamini (mg) 14
Potasyum (mg) 105
Kalsiyum (mg) 94
Demir (mg) 1.05
Lif 0.55
Alerjen Uyarısı
Süt ve süt ürünleri içerir. 
Kullanım Önerisi
Çocuklar tarafından günde iki bardak tüketilmesi önerilir. Kullanıcıların tercihine göre; sıcak, ılık veya soğuk bir şekilde tüketilmesi mümkündür.

Teslimat adresinize göre ürünün stok durumu değişebilir. Teslimat adresinizi ekledikten sonra ürün stok durumunu görüntüleyebilirsiniz.",Süt Ürünleri ve Kahvaltılıklar,https://www.a101.com.tr/kapida/sut-urunleri-kahvaltilik/pinar-cocuk-sutu-200-ml_p-12001506,11/10/2024 15:03
https://cdn2.a101.com.tr/dbmk89vnr/CALL/Image/get/16ZQkQZkzh_500x500.png,Pınar Yağlı Süt 1 L,12000357,"₺45,00",-,"Pınar Yağlı Süt 1 Lt
Pınar yağlı süt hiçbir katkı maddesi içermeden UHT teknolojisi ile hazırlanarak satışa sunulur. Bu sayede sütün bozulmasına neden olabilecek mikroorganizmalardan arındırılarak paketlenir. UHT teknolojisi sayesinde Pınar yağlı süt uzun ömürlüdür. 1 lt’lik paketlerde tüketime sunulan Pınar yağlı süt A101 aracılığı ile müşterilerine ulaştırılır.
İçindekiler
İnek sütü, minimum %3,2 süt yağı içerir.
Besin Değerleri
Her yaştan tüketicinin severek tercih ettiği Pınar tam yağlı sütün 100 gramında 62 kalori bulunur. Günün her saati lezzetle içilen tam yağlı sütün 100 gramında yer alan besin değerleri aşağıdaki tabloda gösterilir.
Enerji (kcal)
62
Yağ (g)
3,33
Karbonhidrat (g)
5,42
Diyet Lif (g)
0
Protein (g)
3,33
Sodyum (mg)
52
Kolesterol (mg)
15
Potasyum (mg)
0
C Vitamini (g)
0,5
Demir (mg)
0
A Vitamini (iu)
125
Kalsiyum (mg)
125
Kullanım Önerisi
Isıtılmasına gerek duyulmadan doğrudan içilebilen Pınar tam yağlı sütü kahvaltı ve diğer öğünlerde sofranızda bulundurabilirsiniz. Sütlü tatlılarda tercih edebilirsiniz. Lezzetli sütlaç yapabilirsiniz. Tatlıların yanı sıra beşamel soslu tavuk tercihinizde beşamel sosunu Pınar süt ile hazırlayabilirsiniz.
Uyarılar
Süt intoleransı olan kişilerin dikkatli tüketmesi tavsiye edilir. Pastörize edilmiş süt genellikte alerjiye sebep olmamakla birlikte bazen inek sütü alerjisi olan kişilerde önemli tepkimelere yol açabilir. Alerjik reaksiyonlara yatkın kişilerin tüketim öncesi uzman görüşü olması tavsiye edilir.
Saklama Koşulları
Uzun ömürlü olan süt açılmadığı takdirde buzdolabında son tüketim tarihine kadar muhafaza edilebilir. Paket açıldıktan sonra 2 gün içinde tüketilmesi tavsiye edilir. Süt ürünlerinin buzdolabının buzluk bölümünde saklanması tavsiye edilmez. Uzun ömürlü sütler oda sıcaklığında uzun süre bekletilmesi tavsiye edilmez.

Teslimat adresinize göre ürünün stok durumu değişebilir. Teslimat adresinizi ekledikten sonra ürün stok durumunu görüntüleyebilirsiniz.",Süt Ürünleri ve Kahvaltılıklar,https://www.a101.com.tr/kapida/sut-urunleri-kahvaltilik/pinar-yagli-sut-1-l_p-12000357,11/10/2024 15:03
https://cdn2.a101.com.tr/dbmk89vnr/CALL/Image/get/sBDss3lTmj_500x500.png,Sütaş Tam Yağlı Süt 1 L,12002747,"₺44,50",-,"Sütaş Tam Yağlı Süt 1 Lt
Sütaş Tam yağlı Süt çeşitleri sade olarak tüketilebildiği gibi farklı gıda ürünleri ile beraber de kullanılabilir. Tatlılarda ve içeceklerde süt ile lezzetlendirme işlemi yapılırken sütün yağlı oluşu aromatik olarak ekstra tat katar. Bu ürünleri hem çocuklar hem de yetişkinler afiyetle tüketebilir.
Saklama Koşulları
Açıldıktan sonra buzdolabında 4°C’de saklanmalıdır. 
İçindekiler
Homojenize, pastörize inek sütü, en az %3,5 süt yağı. 
Besin Değerleri
100 gram için besin değerleri şu şekildedir;
Enerji (kcal) 57
Yağ (gr) 3
Protein (gr) 3
Karbonhidrat (gr) 4.5
A Vitamini (IU) 0
C Vitamini (mg) 0
Potasyum (mg) 0
Kalsiyum (mg) 120
Demir (mg) 0
Lif 0
Alerjen Uyarısı
Laktoz içerir.
Kullanım Önerisi
Cezvede ısıtılarak ya da soğuk bir şekilde tüketilebilir. 

Teslimat adresinize göre ürünün stok durumu değişebilir. Teslimat adresinizi ekledikten sonra ürün stok durumunu görüntüleyebilirsiniz.",Süt Ürünleri ve Kahvaltılıklar,https://www.a101.com.tr/kapida/sut-urunleri-kahvaltilik/sutas-tam-yagli-sut-1-l_p-12002747,11/10/2024 15:03
https://cdn2.a101.com.tr/dbmk89vnr/CALL/Image/get/dfKtLSvHbG_500x500.png,"Sütaş %2,5 Yağlı Süt 1 L",12002766,"₺38,50",-,"Sütaş Süt %2,5 Yağlı 1 Lt
Mutfaklardan eksik edilmeyen Sütaş Süt ürünlerinin farklı yağ oranlarına sahip çeşitleri dikkat çeker. Sütaş Süt % 2,5 Yağlı 1 lt ürünü, keyifli bir içim şekline sahiptir. Sade olarak tüketilebildiği gibi tatlılarda veya kahve gibi içeceklerde de kullanılır. Tamamen inek sütünden elde edilen Sütaş Süt çeşitleri ile çocuklarınızın kemik gelişimlerini destekleyebilirsiniz.
Saklama Koşulları
Serin, kuru ve güneş ışığından uzak bir yerde muhafaza edilmelidir. 
İçindekiler
Homojenize ve pastörize inek sütü, %2,5 süt yağı.
Besin Değerleri
100 gram için besin değerleri şu şekildedir;
Enerji (kcal)
221
Yağ (gr)
2.5
Protein (gr)
3
Karbonhidrat (gr)
4.6
A Vitamini (IU)
0.5
C Vitamini (mg)
0
Potasyum (mg)
1
Kalsiyum (mg)
120
Demir (mg)
0
Lif
0
Alerjen Uyarısı
Laktoz içerir. 
Kullanım Önerisi
Sütaş Süt, bir cezvede ısıtılarak ya da soğuk bir şekilde tüketilebilir. 

Teslimat adresinize göre ürünün stok durumu değişebilir. Teslimat adresinizi ekledikten sonra ürün stok durumunu görüntüleyebilirsiniz.",Süt Ürünleri ve Kahvaltılıklar,https://www.a101.com.tr/kapida/sut-urunleri-kahvaltilik/sutas-25-yagli-sut-1-l_p-12002766,11/10/2024 15:03
https://cdn2.a101.com.tr/dbmk89vnr/CALL/Image/get/-0tsq8ywig_500x500.png,Pınar Yarım Yağlı Süt 1 L,12001582,"₺36,25",-,"Pınar Yarım Yağlı Süt 1 Lt
Hem hafif hem de lezzetli yapısı sayesinde severek tüketilen Pınar yarım yağlı süt,1 lt ambalajlı kutularda satışa sunulur. Hiçbir koruyucu katkı maddesi içermeden üretilerek tüketime hazır hale getirilir. Süt severlerin hafif lezzet arayışında olduğu durumlarda lezzetli bir seçenek olan Pınar yarım yağlı süt günün her saati tüketilebilir.
İçindekiler
Yarım yağlı inek sütü, 100 ml’de en az 1,5 g süt yağı içerir.
Besin Değerleri
Yarım yağlı Pınar süt ile her gün süt tüketebilirsiniz. Kalsiyum kaynağı olan Pınar yarım yağlı sütün bir bardak porsiyonu 250 ml’de yer alan besin değerleri aşağıdaki tabloda gösterilir.
Enerji (kcal)
110
Yağ (g)
3,8
Karbonhidrat (g)
11,8
Kalsiyum (mg)
280
Protein (g)
7
Kullanım Önerisi
Doğrudan tüketime uygun olan Pınar yarım yağlı süt ile yaz aylarında soğuk buzlu kahve yaparak serinleyebilirsiniz.Kış aylarında ise sıcak çikolatayı yarım yağlı sütü tercih ederek hazırlayabilir bu sayede içini ısıtabilirsiniz. Dilediğiniz pudingi yarım yağlı süt ile yaparak hafif tatlı lezzetlerini yakalayabilirsiniz.
Uyarılar
Süt tüketimi sonrasında alerjik belirtiler yaygın olarak görülmese de bazı kişilerde inek sütüne karşı bağışıklık sisteminde direnç zayıflığı görülebilir. Bu gibi durumlarda süt tüketimi sonrasında bazı alerjik belirtilere rastlanabilir. Süt tüketimi sonrasında vücudunuzda önemli alerjik reaksiyonlar gözlemliyorsanız uzman bir doktordan hızlıca yardım almanız tavsiye edilir.
Saklama Koşulları
Uzun ömürlü sütler UHT teknolojisiyle hazırlanarak satışa sunulur. Bu sayede sütü son tüketim tarihine kadar ambalajını açmadan buzdolabında muhafaza edebilirsiniz. Ambalajı açılan sütlerin 1-2 gün içerisinde tüketilmesi tavsiye edilir. Süt ürünlerinin bakteri üretmemesi önemlidir. Ambalajı açılan sütlerin bakteri üretmemesi için buzdolabında muhafaza edilmesi önerilir.
  Bu üründen en fazla 10 adet sipariş verilebilir. Belirtilen adet üzerindeki siparişlerin iptal edilmesi hakkı saklıdır.

Teslimat adresinize göre ürünün stok durumu değişebilir. Teslimat adresinizi ekledikten sonra ürün stok durumunu görüntüleyebilirsiniz.",Süt Ürünleri ve Kahvaltılıklar,https://www.a101.com.tr/kapida/sut-urunleri-kahvaltilik/pinar-yarim-yagli-sut-1-l_p-12001582,11/10/2024 15:03
https://cdn2.a101.com.tr/dbmk89vnr/CALL/Image/get/rQ0KmnyGBM_500x500.png,Torku Laktozsuz Süt 1 L,12000059,"₺42,00",-,"Torku Laktozsuz Süt 1 Lt
Torku Laktozsuz Süt 1 lt, laktoza karşı duyarlılığı olan kişilerin rahatlıkla tüketebileceği bir süt çeşidi olarak öne çıkar. Laktoz enziminin parçalanmış olması, Torku Laktozsuz Sütün normal sütlere göre daha kolay bir şekilde sindirilmesini sağlar. Ürün, süt kullanımının gerçekleştiği tüm tatlı, yemek, ve hamur işi çeşitleri için uygun özelliktedir.
Saklama Koşulları
Torku Laktozsuz Süt, açıldıktan sonra buzdolabında muhafaza edilmeli ve en fazla 2 gün içerisinde tüketilmelidir. 
İçindekiler
Laktaz enzimi, yarım yağlı inek sütü.
Besin Değerleri
100 ml için besin değerleri şu şekildedir;
Enerji (kJ/kcal)
183/43,5
Yağ (g)
1
Doymuş Yağ (g)
1,0
Karbonhidrat (g)
4,5
Şeker (g)
3,0
Tuz (g)
0,11
Protein (g)
3,0
Kalsiyum (mg)
120
Alerjen Uyarısı
Süt içerir. 
Kullanım Önerisi
Torku Laktozsuz Süt ürünü direkt olarak içilerek tüketilebilir. Ürün aynı zamanda yemek, sos, tatlı, çorba, hamur işi ve farklı türde kahvelerin yapımında da kullanılabilir.

Teslimat adresinize göre ürünün stok durumu değişebilir. Teslimat adresinizi ekledikten sonra ürün stok durumunu görüntüleyebilirsiniz.",Süt Ürünleri ve Kahvaltılıklar,https://www.a101.com.tr/kapida/sut-urunleri-kahvaltilik/torku-laktozsuz-sut-1-l_p-12000059,11/10/2024 15:03
https://cdn2.a101.com.tr/dbmk89vnr/CALL/Image/get/nVmFCToLbe_500x500.png,Pınar Yarım Yağlı Süt 500 Ml,12002282,"₺23,50",-,"Pınar Yarım Yağlı Süt 500 Ml
Hem hafif hem de lezzetli yapısı sayesinde severek tüketilen Pınar yarım yağlı süt, 500 ml ambalajlı kutularda satışa sunulur. Hiçbir koruyucu katkı maddesi içermeden üretilerek tüketime hazır hale getirilir. Süt severlerin hafif lezzet arayışında olduğu durumlarda lezzetli bir seçenek olan Pınar yarım yağlı süt günün her saati tüketilebilir.
İçindekiler
Yarım yağlı inek sütü, 100 ml’de en az 1,5 g süt yağı içerir.
Besin Değerleri
Yarım yağlı Pınar süt ile her gün süt tüketebilirsiniz. Kalsiyum kaynağı olan Pınar yarım yağlı sütün bir bardak porsiyonu 250 ml’de yer alan besin değerleri aşağıdaki tabloda gösterilir.
Enerji (kcal)
110
Yağ (g)
3,8
Karbonhidrat (g)
11,8
Kalsiyum (mg)
280
Protein (g)
7
Kullanım Önerisi
Doğrudan tüketime uygun olan Pınar yarım yağlı süt ile yaz aylarında soğuk buzlu kahve yaparak serinleyebilirsiniz.Kış aylarında ise sıcak çikolatayı yarım yağlı sütü tercih ederek hazırlayabilir bu sayede içini ısıtabilirsiniz. Dilediğiniz pudingi yarım yağlı süt ile yaparak hafif tatlı lezzetlerini yakalayabilirsiniz.
Uyarılar
Süt tüketimi sonrasında alerjik belirtiler yaygın olarak görülmese de bazı kişilerde inek sütüne karşı bağışıklık sisteminde direnç zayıflığı görülebilir. Bu gibi durumlarda süt tüketimi sonrasında bazı alerjik belirtilere rastlanabilir. Süt tüketimi sonrasında vücudunuzda önemli alerjik reaksiyonlar gözlemliyorsanız uzman bir doktordan hızlıca yardım almanız tavsiye edilir.
Saklama Koşulları
Uzun ömürlü sütler UHT teknolojisiyle hazırlanarak satışa sunulur. Bu sayede sütü son tüketim tarihine kadar ambalajını açmadan buzdolabında muhafaza edebilirsiniz. Ambalajı açılan sütlerin 1-2 gün içerisinde tüketilmesi tavsiye edilir. Süt ürünlerinin bakteri üretmemesi önemlidir. Ambalajı açılan sütlerin bakteri üretmemesi için buzdolabında muhafaza edilmesi önerilir.

Teslimat adresinize göre ürünün stok durumu değişebilir. Teslimat adresinizi ekledikten sonra ürün stok durumunu görüntüleyebilirsiniz.",Süt Ürünleri ve Kahvaltılıklar,https://www.a101.com.tr/kapida/sut-urunleri-kahvaltilik/pinar-yarim-yagli-sut-500-ml_p-12002282,11/10/2024 15:03
https://cdn2.a101.com.tr/dbmk89vnr/CALL/Image/get/qivFcSKiTD_500x500.png,Birşah Süt 200 Ml,12002640,"₺8,75",-,"Birşah Süt 200 Ml
    Birşah Süt 200 ml olarak paketlenmesi sayesinde direkt olarak içime uygundur. Çok amaçlı kullanım özellikleri, herkesin yoğun ilgi gösterdiği bir ürün olarak ön plana çıkmasında etkili olur. Sütün yoğunluğunun, aromasının ve tadının tam yerinde olması ile içilebilmesinin yanı sıra hamur işi ve tatlı tariflerinde kullanılabilir.
  İçindekiler
İnek Sütü
Besin Değerleri
100 ml’deki besin değerleri tabloda görüldüğü gibidir.
Enerji (kcal)
243/58
Yağ (g)
3,2
Protein (g)
3,0
Karbonhidrat (g)
4,6
Şekerler (g)
4,6
Protein (g)
2,9
Tuz (g)
0
  Besin Değerleri bilgileri Yörükoğlu Süt ve Ürünleri San. Tic. A.Ş tedarikçisinden alınmaktadır. Beslenme bildiriminin en güncel haline ürün ambalajından ulaşabilirsiniz.
  Saklama Koşulları 
  Buzdolabında saklanması önerilir.
  Alerjen Uyarısı
  Süt, laktoz içerir.
  Kullanım Önerisi 
  Süt pek çok şeyin yapımında kullanıldığı için müşterileri tarafından yoğun ilgi görür. Tek başına içecek olarak tüketebileceğiniz gibi tatlı yapımında da kullanabilirsiniz. Sade süt içimine alternatif olarak içerisine kakao ya da farklı meyveler katarak kendi içeceğinizi hazırlayabilirsiniz.

Teslimat adresinize göre ürünün stok durumu değişebilir. Teslimat adresinizi ekledikten sonra ürün stok durumunu görüntüleyebilirsiniz.",Süt Ürünleri ve Kahvaltılıklar,https://www.a101.com.tr/kapida/sut-urunleri-kahvaltilik/birsah-sut-200-ml_p-12002640,11/10/2024 15:03
https://cdn2.a101.com.tr/dbmk89vnr/CALL/Image/get/4khVaGiErB_500x500.png,Pınar Yağlı Süt 200 Ml,12001201,"₺13,00",-,"Pınar Yağlı Süt 200 Ml
Pınar yağlı süt hiçbir katkı maddesi içermeden UHT teknolojisi ile hazırlanarak satışa sunulur. Bu sayede sütün bozulmasına neden olabilecek mikroorganizmalardan arındırılarak paketlenir. UHT teknolojisi sayesinde Pınar yağlı süt uzun ömürlüdür. 200 ml’lik paketlerde tüketime sunulan Pınar yağlı süt A101 aracılığı ile müşterilerine ulaştırılır.
İçindekiler
İnek sütü
Besin Değerleri
100 ml’deki besin değerleri tabloda görüldüğü gibidir.
Enerji (kcal)
250/60
Doymuş yağ (g)
3,3
Protein (g)
3,3
Karbonhidrat (g)
4,5
Şekerler (g)
4,5
Protein (g)
3
Tuz (g)
0
Kalsiyum (mg)
120
  Beslenme bildiriminin en güncel haline ürün ambalajından ulaşabilirsiniz.
Kullanım Önerisi
Isıtılmasına gerek duyulmadan doğrudan içilebilen Pınar tam yağlı sütü kahvaltı ve diğer öğünlerde sofranızda bulundurabilirsiniz. Sütlü tatlılarda tercih edebilirsiniz. Lezzetli sütlaç yapabilirsiniz. Tatlıların yanı sıra beşamel soslu tavuk tercihinizde beşamel sosunu Pınar süt ile hazırlayabilirsiniz.
Uyarılar
Süt intoleransı olan kişilerin dikkatli tüketmesi tavsiye edilir. Pastörize edilmiş süt genellikte alerjiye sebep olmamakla birlikte bazen inek sütü alerjisi olan kişilerde önemli tepkimelere yol açabilir. Alerjik reaksiyonlara yatkın kişilerin tüketim öncesi uzman görüşü olması tavsiye edilir.
Saklama Koşulları
Uzun ömürlü olan süt açılmadığı takdirde buzdolabında son tüketim tarihine kadar muhafaza edilebilir. Paket açıldıktan sonra 2 gün içinde tüketilmesi tavsiye edilir. Süt ürünlerinin buzdolabının buzluk bölümünde saklanması tavsiye edilmez. Uzun ömürlü sütler oda sıcaklığında uzun süre bekletilmesi tavsiye edilmez.

Teslimat adresinize göre ürünün stok durumu değişebilir. Teslimat adresinizi ekledikten sonra ürün stok durumunu görüntüleyebilirsiniz.",Süt Ürünleri ve Kahvaltılıklar,https://www.a101.com.tr/kapida/sut-urunleri-kahvaltilik/pinar-yagli-sut-200-ml_p-12001201,11/10/2024 15:03
https://cdn2.a101.com.tr/dbmk89vnr/CALL/Image/get/8yzjEaKoj7_500x500.png,Pınar Yarım Yağlı Süt 200 Ml,12002280,"₺12,50",-,"Pınar Yarım Yağlı Süt 200 Ml
Hem hafif hem de lezzetli yapısı sayesinde severek tüketilen Pınar yarım yağlı süt, 200 ml ambalajlı kutularda satışa sunulur. Hiçbir koruyucu katkı maddesi içermeden üretilerek tüketime hazır hale getirilir. Süt severlerin hafif lezzet arayışında olduğu durumlarda lezzetli bir seçenek olan Pınar yarım yağlı süt günün her saati tüketilebilir.
İçindekiler
Yarım yağlı inek sütü, 100 ml’de en az 1,5 g süt yağı içerir.
Besin Değerleri
Yarım yağlı Pınar süt ile her gün süt tüketebilirsiniz. Kalsiyum kaynağı olan Pınar yarım yağlı sütün bir bardak porsiyonu 250 ml’de yer alan besin değerleri aşağıdaki tabloda gösterilir.
Enerji (kcal)
110
Yağ (g)
3,8
Karbonhidrat (g)
11,8
Kalsiyum (mg)
280
Protein (g)
7
Kullanım Önerisi
Doğrudan tüketime uygun olan Pınar yarım yağlı süt ile yaz aylarında soğuk buzlu kahve yaparak serinleyebilirsiniz.Kış aylarında ise sıcak çikolatayı yarım yağlı sütü tercih ederek hazırlayabilir bu sayede içini ısıtabilirsiniz. Dilediğiniz pudingi yarım yağlı süt ile yaparak hafif tatlı lezzetlerini yakalayabilirsiniz.
Uyarılar
Süt tüketimi sonrasında alerjik belirtiler yaygın olarak görülmese de bazı kişilerde inek sütüne karşı bağışıklık sisteminde direnç zayıflığı görülebilir. Bu gibi durumlarda süt tüketimi sonrasında bazı alerjik belirtilere rastlanabilir. Süt tüketimi sonrasında vücudunuzda önemli alerjik reaksiyonlar gözlemliyorsanız uzman bir doktordan hızlıca yardım almanız tavsiye edilir.
Saklama Koşulları
Uzun ömürlü sütler UHT teknolojisiyle hazırlanarak satışa sunulur. Bu sayede sütü son tüketim tarihine kadar ambalajını açmadan buzdolabında muhafaza edebilirsiniz. Ambalajı açılan sütlerin 1-2 gün içerisinde tüketilmesi tavsiye edilir. Süt ürünlerinin bakteri üretmemesi önemlidir. Ambalajı açılan sütlerin bakteri üretmemesi için buzdolabında muhafaza edilmesi önerilir.

Teslimat adresinize göre ürünün stok durumu değişebilir. Teslimat adresinizi ekledikten sonra ürün stok durumunu görüntüleyebilirsiniz.",Süt Ürünleri ve Kahvaltılıklar,https://www.a101.com.tr/kapida/sut-urunleri-kahvaltilik/pinar-yarim-yagli-sut-200-ml_p-12002280,11/10/2024 15:03
https://cdn2.a101.com.tr/dbmk89vnr/CALL/Image/get/zLuMKR4PJr_500x500.png,Pınar Çocuk Devam Sütü 1 L,12003164,"₺39,00","₺45,00",Teslimat adresinize göre ürünün stok durumu değişebilir. Teslimat adresinizi ekledikten sonra ürün stok durumunu görüntüleyebilirsiniz.,Süt Ürünleri ve Kahvaltılıklar,https://www.a101.com.tr/kapida/sut-urunleri-kahvaltilik/pinar-cocuk-devam-sutu-1-l_p-12003164,11/10/2024 15:03
https://cdn2.a101.com.tr/dbmk89vnr/CALL/Image/get/Kb4okfxYQX_500x500.png,Milkten Milkino Çocuk Sütü 200 Ml,12000158,"₺9,75",-,"Milkten Milkino Çocuk Sütü 200 Ml
Çocuklar hem fiziksel hem de zihinsel gelişimlerinin yanı sıra bağışıklık sistemlerini daha güçlendirecek besin ihtiyaçlarının büyük bir kısmını sütten karşılar. Günlük süt tüketimini 200 ml paketiyle kolaylaştıran Milkten Milkino Çocuk Sütü, lezzetli aroması ile öne çıkar.
Saklama Koşulları
Serin ve kuru bir ortamda muhafaza edilmelidir.
İçindekiler
Yağsız inek sütü, su, laktoz (sütten), bitkisel yağlar (kanola, ayçiçek, mısır), sükroz, emülgatör (ayçiçek lesitini), potasyum klorür, dokosaheksaenoik asit (DHA) (Alg yağı), sodyum L-Askorbat, sitrik asidin kalsiyum tuzları, ferro laktat, taurin, DL-Alfa tokoferol asetat, çinko sülfat, kolekalsiferol, retinol asetat, nikotinamid, kalsiyum d-pantotenat, bakır glukonat, D-Biotin, pteroilmonoglutamik asit, tiamin hidroklorür, antioksidanlar (tokoferolce zengin ekstrakt (soya), askorbik asidin yağ asidi esterleri), piridoksin hidroklorür, manganez sülfat, potasyum iyodür.
Besin Değerleri
100 gram için besin değerleri şu şekildedir;
Enerji (kcal)
63
Yağ
3 g
Doymuş Yağ
0,5 g
Karbonhidrat
6,9 g
Şekerler
6,8 g
Protein
1,5 g
        Tuz
0 g
Diyet Lifi
1,2 g
C Vitamini
17,0
D Vitamini
1,5
Fosfat
21,0
Kalsiyum
51,0
Demir 
0,9
Çinko
0,5
Sodyum
19,0
Alerjen Uyarısı
Süt, soya, laktoz ve mısır içerir.

Teslimat adresinize göre ürünün stok durumu değişebilir. Teslimat adresinizi ekledikten sonra ürün stok durumunu görüntüleyebilirsiniz.",Süt Ürünleri ve Kahvaltılıklar,https://www.a101.com.tr/kapida/sut-urunleri-kahvaltilik/milkten-milkino-cocuk-sutu-200-ml_p-12000158,11/10/2024 15:03
https://cdn2.a101.com.tr/dbmk89vnr/CALL/Image/get/HoL6vQS-um_500x500.png,Sütaş Latte Sütlü Kahveli İçecek 1 L,12003315,"₺49,00","₺59,00",Teslimat adresinize göre ürünün stok durumu değişebilir. Teslimat adresinizi ekledikten sonra ürün stok durumunu görüntüleyebilirsiniz.,Süt Ürünleri ve Kahvaltılıklar,https://www.a101.com.tr/kapida/sut-urunleri-kahvaltilik/sutas-latte-sutlu-kahveli-icecek-1-l_p-12003315,11/10/2024 15:03
https://cdn2.a101.com.tr/dbmk89vnr/CALL/Image/get/mqJNGFjPTO_500x500.png,Sütaş Çilekli Süt 200 Ml,12002815,"₺10,90",-,"İster kahvaltıda, ister akşam yemeğinde, ister beslenme çantasında bulunabilecek bir ürün olan Sütaş Çilekli Süt, A101’de sizlerle. Büyük çocuk demeden her yaştan kullanıcının günlük süt ihtiyacına destek veren ve bu sırada tatlı ihtiyacını da gideren ürün, yazın soğuk kışınsa ısıtılarak keyifle tüketilebilmektedir.
  Genel Özellikler
İçerik: Çilek
    Bu üründen en fazla 10 adet sipariş verilebilir. Belirtilen adet üzerindeki siparişlerin iptal edilmesi hakkı saklıdır.

Teslimat adresinize göre ürünün stok durumu değişebilir. Teslimat adresinizi ekledikten sonra ürün stok durumunu görüntüleyebilirsiniz.",Süt Ürünleri ve Kahvaltılıklar,https://www.a101.com.tr/kapida/sut-urunleri-kahvaltilik/sutas-cilekli-sut-200-ml_p-12002815,11/10/2024 15:03
https://cdn2.a101.com.tr/dbmk89vnr/CALL/Image/get/bPzorEnOwi_500x500.png,Pınar Kido Karamelli Süt 180 Ml,12003273,"₺12,50",-,Teslimat adresinize göre ürünün stok durumu değişebilir. Teslimat adresinizi ekledikten sonra ürün stok durumunu görüntüleyebilirsiniz.,Süt Ürünleri ve Kahvaltılıklar,https://www.a101.com.tr/kapida/sut-urunleri-kahvaltilik/pinar-kido-karamelli-sut-180-ml_p-12003273,11/10/2024 15:03
https://cdn2.a101.com.tr/dbmk89vnr/CALL/Image/get/mWT1GYblVr_500x500.png,Birşah Milkino Kakaolu Süt 200 Ml,12002641,"₺9,50",-,"Milkten Milkino Kakaolu Süt 200 Ml
Tadı enfes olan ve çocukların bayıldığı çikolatalı süt, ailelerin tercihi oluyor. İster kahvaltıda, ister akşam yemeğinde, ister beslenme çantasında bulunabilecek bir ürün olan Milkten Milkino Kakaolu Süt 200 Ml, çocukların da severek tükettiği içeceklerden biridir. Milkten Milkino Kakaolu Süt 200 Ml, yazın soğuk ve güzel içimi ile serinletirken kışın ufak yapacağınız bir ısıtma işlemi ile içinizi ısıtır. Ayrıca güzel tadı sayesinde günlük tatlı ve şeker ihtiyacınızı da karşılar.
Saklama Koşulları
Ambalajı açılmadığı sürece oda sıcaklığında muhafaza edebilirsiniz. Açıldıktan sonra buzdolabında saklanmalı ve tercihen 2 gün içerisinde tüketilmelidir.
Besin Değerleri
100 gram için besin değerleri şu şekildedir;
Enerji (kJ/kcal)
262/62
Yağ (g)
1,2
-Doymuş Yağ (g)
0,8
Karbonhidrat (g)
9,5
-Şekerler (g)
9
Protein (g)
3,1
Tuz (g)
0,1
Alerjen Uyarısı
Laktoz ve kakao içerir.
Kullanım Önerisi
Milkten Milkino Kakaolu Süt 200 Ml; akşam yemeğinde, sabah kahvaltısında, ara öğünlerde yani günün istenilen bir zamanında içilebilir. Ayrıca yapacağınız tatlılar ve dondurmalarda sade süt yerine kullanıp farklı bir aroma katabilirsiniz. 
İçindekiler
%1,2 Yağlı UHT içme sütü, şeker, kakao tozu (%1,4), kıvam arttırıcı (sodyum karboksimetil selüloz, karragenan), aroma vericiler (doğal aroma verici, vanilya aroma vericisi).

Teslimat adresinize göre ürünün stok durumu değişebilir. Teslimat adresinizi ekledikten sonra ürün stok durumunu görüntüleyebilirsiniz.",Süt Ürünleri ve Kahvaltılıklar,https://www.a101.com.tr/kapida/sut-urunleri-kahvaltilik/birsah-milkino-kakaolu-sut-200-ml_p-12002641,11/10/2024 15:03
https://cdn2.a101.com.tr/dbmk89vnr/CALL/Image/get/vyyxjgcUIG_500x500.png,Birşah Milkino Muzlu Süt 200 Ml,12002646,"₺9,50",-,"Milkten Milkino Muzlu Süt 200 Ml
Milkten markasının ürettiği muzlu süt, lezzetli tadıyla her dolapta bulunması gereken bir ürün. Milkino Süt, özenle seçilmiş muzları bir araya getirerek ortaya oldukça enfes bir tat ortaya çıkarır. Çocuklar, Milkten Milkino Muzlu Süt sayesinde hem beslenir hem de eğlenir. Kullanıma uygun kutuları sayesinde sokakta, okulda ve evde pratik bir şekilde içilebilir. 
Saklama Koşulları
Serin ve kuru bir ortamda muhafaza ediniz.
İçindekiler
Homojenize inek sütü, şeker, muz aroma vericisi, muz püresi (%0,01).
Besin Değerleri
100 gram için besin değerleri şu şekildedir;
Enerji (kcal)
57
Yağ
1 g
Doymuş Yağ
0,7 g
Karbonhidrat
9 g
Şekerler
8 g
Protein
3 g
        Tuz
0,1 g
Diyet Lifi
0,0 g
Alerjen Uyarısı
Homojenize inek sütü içerir.

Teslimat adresinize göre ürünün stok durumu değişebilir. Teslimat adresinizi ekledikten sonra ürün stok durumunu görüntüleyebilirsiniz.",Süt Ürünleri ve Kahvaltılıklar,https://www.a101.com.tr/kapida/sut-urunleri-kahvaltilik/birsah-milkino-muzlu-sut-200-ml_p-12002646,11/10/2024 15:03
https://cdn2.a101.com.tr/dbmk89vnr/CALL/Image/get/lcU4XNeV8e_500x500.png,Birşah Milkino Çilekli Süt 200 Ml,12002652,"₺9,50",-,"Milkten Milkino Süt Çilekli 200 Ml
Milkten Milkino Çilekli Süt 200 Ml, leziz çilek tadını süt doğallığıyla buluşturur. Hafifliğiyle öğünleri tatlandırır. Kolay taşınabilen karton kutu avantaj sunar. Okulda, iş yerinde, parkta, piknikte keyifle tüketilebilir. 
Saklama Koşulları
Serin, kuru, güneş ışığı görmeyen ortamda saklanmalıdır. 
İçindekiler
Homojenize inek sütü, çilek aroma vericisi, doğal çilek püresi.
Besin Değerleri
100 ml için besin değerleri şu şekildedir;
Enerji (kJ/kcal)
241/57
Yağ (gr)
1
Doymuş Yağ (g)
0,7
Karbonhidrat (gr)
9
Şekerler (g)
8
Protein (g)
3
Tuz
0,1
Alerjen Uyarısı
Laktoz içerir.
Kullanım Önerisi
Milkino Çilekli Süt 200 Ml, atıştırmalıklara lezzet katar. Kek, kraker, bisküvi çeşitleriyle tüketime uygundur. Çilek hafifliği sunan ürün tek başına da tüketilebilir. Kutuyu buzdolabında tutmanız ve içmeden önce sütü çalkalamanız önerilir.

Teslimat adresinize göre ürünün stok durumu değişebilir. Teslimat adresinizi ekledikten sonra ürün stok durumunu görüntüleyebilirsiniz.",Süt Ürünleri ve Kahvaltılıklar,https://www.a101.com.tr/kapida/sut-urunleri-kahvaltilik/birsah-milkino-cilekli-sut-200-ml_p-12002652,11/10/2024 15:04
https://cdn2.a101.com.tr/dbmk89vnr/CALL/Image/get/mwYhczhC3J_500x500.png,Pınar Kido Kakaolu Süt 180 Ml,12002384,"₺12,50",-,"Pınar Kido Kakaolu Süt Kakaolu 180 Ml
Çocukların küçük yaştan itibaren düzenli bir şekilde süt tüketmeleri gerekir. Pınar Kido, çocukların tüketimine uygun olan sütler üreten bir marka. Pınar Kido Kakaolu Süt 180 ml ürünü, içerisinde yoğun oranda kakao barındırır. Bu sayede sütler tatlanır ve çocukların süt tüketimi çok daha keyifli bir hâle gelir. 
Saklama Koşulları
Karanlık, serin ve kuru yerde saklayınız.
İçindekiler
Pastörize inek sütü, kalsiyum, asitlik düzenleyici, aroma verici, pancar şekeri.
Besin Değerleri
100 gram için besin değerleri şu şekildedir;
Enerji (kJ/kcal)  248/59
Yağ (g) 1,2
Doymuş yağ (g)  0,8
Karbonhidrat (g) 9,2
Şekerler (g)  8,6
Protein (g)  2,8
Kalsiyum (mg)  120
Alerjen Uyarısı
Süt ve süt ürünleri, kakao içerir.
Kullanım Önerisi
Kullanıma hazır olan ürün küçük boyutu sayesinde kolayca taşınabilir.
  Bu üründen en fazla 10 adet sipariş verilebilir. Belirtilen adet üzerindeki siparişlerin iptal edilmesi hakkı saklıdır.

Teslimat adresinize göre ürünün stok durumu değişebilir. Teslimat adresinizi ekledikten sonra ürün stok durumunu görüntüleyebilirsiniz.",Süt Ürünleri ve Kahvaltılıklar,https://www.a101.com.tr/kapida/sut-urunleri-kahvaltilik/pinar-kido-kakaolu-sut-180-ml_p-12002384,11/10/2024 15:04
https://cdn2.a101.com.tr/dbmk89vnr/CALL/Image/get/EIgYduv9Wz_500x500.png,Pınar Kido Muzlu Süt 180 Ml,12002383,"₺12,50",-,"Pınar Kido Muzlu Süt 180 Ml
Pınar Kido Muzlu Süt 180 Ml olarak tekli kutular halinde satışa sunulur. Kido muzlu sütlerde bulunan muz özellikle çocukların favori içecekleri arasında yer alır. Üretiminde kullanılan kaliteli sütleri ve meyveleri ile süte lezzet katar.
Saklama Koşulları
Serin, kuru ve oda sıcaklığında saklayınız. Açıldıktan sonra buzdolabında muhafaza ediniz.
İçindekiler
Şeker, muz püresi, kıvam arttırıcı olarak karragenan, muz aroma vericisi, renklendirici (riboflavin ve beta karoten). 
Besin Değerleri
100 gram için besin değerleri şu şekildedir;
Enerji (kJ/kcal)  252/60
Yağ (g) 1,2
Doymuş yağ (g)  0,8
Karbonhidrat (g) 9,4
Şekerler (g)  9,2
Protein (g)  2,8
Kalsiyum (mg)  120
Alerjen Uyarısı
Süt ve süt ürünleri içerir.
Kullanım Önerisi
Pınar Kido Muzlu Süt, çoğunlukla tek başına tüketilir. Bazı tatlıların yapımında da tercih edilir.

Teslimat adresinize göre ürünün stok durumu değişebilir. Teslimat adresinizi ekledikten sonra ürün stok durumunu görüntüleyebilirsiniz.",Süt Ürünleri ve Kahvaltılıklar,https://www.a101.com.tr/kapida/sut-urunleri-kahvaltilik/pinar-kido-muzlu-sut-180-ml_p-12002383,11/10/2024 15:04
https://cdn2.a101.com.tr/dbmk89vnr/CALL/Image/get/LYRlfi8XG3_500x500.png,Pınar Kido Çilekli Süt 180 Ml,12002382,"₺12,50",-,"Pınar Kido Çilekli Süt 180 Ml
Her yaştan kullanıcının tükettiği süt ürününe Pınar markası eğlence katmayı hedefler. Çocukların severek tüketmesi için çeşitli aromalarda süt üretimi yapar. 180 ml içime hazır yapısıyla çocukların her an yanında tüketime hazır bulunur.
Saklama Koşulları
Karanlık, serin ve kuru yerde saklayınız.
İçindekiler
Pastörize inek sütü, kalsiyum, asitlik düzenleyici, aroma verici, pancar şekeri.
Besin Değerleri
100 gram için besin değerleri şu şekildedir;
Enerji (kcal) 242.0
Yağ (gr) 1.2
Protein (gr) 2.8
Karbonhidrat (gr) 8.8
A Vitamini (IU) 0.00
C Vitamini (mg) 0.00
Potasyum (mg) 0.00
Kalsiyum (mg) 138
Demir (mg) 0.00
Lif  0.00
Alerjen Uyarısı
Laktoz ve çilek içerir. 
Kullanım Önerisi
Pınar Kido Çilekli Süt, direkt içilerek tüketilebilir. Bunun dışında tatlı yapımında ya da mamalarda da kullanılabilir.
  Bu üründen en fazla 10 adet sipariş verilebilir. Belirtilen adet üzerindeki siparişlerin iptal edilmesi hakkı saklıdır.

Teslimat adresinize göre ürünün stok durumu değişebilir. Teslimat adresinizi ekledikten sonra ürün stok durumunu görüntüleyebilirsiniz.",Süt Ürünleri ve Kahvaltılıklar,https://www.a101.com.tr/kapida/sut-urunleri-kahvaltilik/pinar-kido-cilekli-sut-180-ml_p-12002382,11/10/2024 15:04
https://cdn2.a101.com.tr/dbmk89vnr/CALL/Image/get/F7RIBQetVE_500x500.png,Pınar Kido Kakaolu Süt 6x180 Ml,12002564,"₺44,00","₺74,50","İster kahvaltıda, ister akşam yemeğinde, ister beslenme çantasında bulunabilecek bir ürün olan Pınar Kido Çikolatalı Süt, A101’de sizlerle. Büyük çocuk demeden her yaştan kullanıcının günlük süt ihtiyacına destek veren ve bu sırada tatlı ihtiyacını da gideren ürün, yazın soğuk kışınsa ısıtılarak keyifle tüketilebilmektedir.
  Genel Özellikler
İçerik: Çikolata
Adet: 6
     
Teslimat adresinize göre ürünün stok durumu değişebilir. Teslimat adresinizi ekledikten sonra ürün stok durumunu görüntüleyebilirsiniz.",Süt Ürünleri ve Kahvaltılıklar,https://www.a101.com.tr/kapida/sut-urunleri-kahvaltilik/pinar-kido-kakaolu-sut-6x180-ml_p-12002564,11/10/2024 15:04
https://cdn2.a101.com.tr/dbmk89vnr/CALL/Image/get/ANkNiRm9F5_500x500.png,Danone Kakaolu Süt 180 Ml,12002334,"₺11,50",-,"Danone Kakaolu Süt 180 Ml
  Kakao lezzetini süt ile birleştiren Danone, sizlere yoğun bir kakao ve süt lezzeti sunmaktadır. Herkese hitap eden Danone Kakaolu Süt, soğuk ve sıcak kullanımı ile size bir lezzet şöleni sunar. İster tek başına ister atıştırmalıklarla beraber tüketebileceğiniz Danone süt, zengin besin değerleri ile vazgeçilmez bir lezzettir.
  Saklama Koşulları
  Oda sıcaklığında muhafaza etmeniz gerekir. Ürün açıldıktan sonra 2 gün içerisinde tüketmeniz gerekir. Ambalaj açılmamak kaydıyla oda sıcaklığında son tüketim tarihine kadar saklanabilir.
    İçindekiler
  Pastörize içme sütü, şeker, yağı azaltılmış kakao tozu (%1,1), kıvam arttırıcı (jellan gam, karragenan), vitaminler [vitamin D, tiamin(B1)], tuz, mineraller (demir fosfat, çinko sülfat), aroma verici (vanilin), tarçın. 
    Besin Değerleri
  200 ml Danone Kakaolu Süt için besin değerleri şu şekildedir. İçerisinde bulunan enerji, kalsiyum, vitamin, şeker, protein, yağ oranı tabloda verildiği şekildedir;
    Enerji
186 kcal
Protein
7 gr
Yağ
6 gr
Lif
2 gr
Sodyum
168 mg
Potasyum
376 mg
Kalsiyum
206 mg
A Vitamini
48 mg
C Vitamini
1 mg
               Alerjen Uyarısı
  Gluten, laktoz, yumurta ve yumurta ürünleri içermektedir. Süt ve süt ürünlerine alerjisi olan kişilerin tüketimine uygun değildir. 
  Kullanım Önerisi

Ürünün üzerindeki pipet yardımı ile ürünü kolaylıkla tüketebilirsiniz. Ürünü tüketmeden önce çalkalayınız. Danone kakaolu sütü ister soğuk ister sıcak bir şekilde tercih edebilirsiniz.
  Bu üründen en fazla 10 adet sipariş verilebilir. Belirtilen adet üzerindeki siparişlerin iptal edilmesi hakkı saklıdır.
 
Teslimat adresinize göre ürünün stok durumu değişebilir. Teslimat adresinizi ekledikten sonra ürün stok durumunu görüntüleyebilirsiniz.",Süt Ürünleri ve Kahvaltılıklar,https://www.a101.com.tr/kapida/sut-urunleri-kahvaltilik/danone-kakaolu-sut-180-ml_p-12002334,11/10/2024 15:04
https://cdn2.a101.com.tr/dbmk89vnr/CALL/Image/get/tPexlLYfHb_500x500.png,Sek Pastörize Çikolatalı Süt 200 Ml,12001610,"₺18,95",-,"Sek Pastörize Çikolatalı Süt 200 Ml
En sevilen süt çeşitlerinden biri olan Sek Pastörize Çikolatalı Süt 200 Ml, hem çocuklar hem de yetişkinler için sütü daha lezzetli hâle getirir. Pek çok kişinin sevdiği çikolata ve sütü birleştiren Sek Pastörize Çikolatalı Süt günün her saati tüketilebilir. A101’de bulabileceğiniz birçok süt çeşidinden biri olan Sek Pastörize Çikolatalı Süt 200 Ml ara öğünlerde ya da kahvaltılarda tüketilebilecek iyi bir alternatif.
Saklama Koşulları
4 - 6 derecede muhafaza ediniz.
İçindekiler
Pastörize süt, şeker, %1,4 oranında kakao, %0,2 çikolata tozu, vanilya aroma vericisi, çikolata aroma vericisi, kıvam arttırıcı (karragenan).
Besin Değerleri
100 gram için besin değerleri şu şekildedir;
Besin Değeri 100 ml
Enerji (kJ/kcal) 257/62
Yağ (g) 1,5
Doymuş Yağ (g) 1,1
Karbonhidrat (g) 9,2
Şekerler (g) 9
Protein (g) 2,8
Tuz (g) 0,1
Alerjen Uyarısı
Laktoz ve yumurta içerir.
Kullanım Önerisi
İçmeden önce çalkalayınız. Kahvaltılarda ve ara öğünlerde, egzersiz ve spor sonrası tüketebilirsiniz.

Teslimat adresinize göre ürünün stok durumu değişebilir. Teslimat adresinizi ekledikten sonra ürün stok durumunu görüntüleyebilirsiniz.",Süt Ürünleri ve Kahvaltılıklar,https://www.a101.com.tr/kapida/sut-urunleri-kahvaltilik/sek-pastorize-cikolatali-sut-200-ml_p-12001610,11/10/2024 15:04
https://cdn2.a101.com.tr/dbmk89vnr/CALL/Image/get/XQGz2Bcbw8_500x500.png,Pınar Protein Vanilyalı Süt 500 Ml,12002260,"₺39,00",-,"Pınar Protein Vanilyalı Süt, protein içeriğiyle kas gelişimini destekleyen, vanilyalı lezzetiyle keyifli bir tüketim sunan süttür. Güne enerjik bir başlangıç yapmak isteyenler için Pınar Protein Vanilyalı Süt ideal bir seçenektir.
  Genel Özellikler
Kapasite: 500 ml
İçerik: Vanilya

Teslimat adresinize göre ürünün stok durumu değişebilir. Teslimat adresinizi ekledikten sonra ürün stok durumunu görüntüleyebilirsiniz.",Süt Ürünleri ve Kahvaltılıklar,https://www.a101.com.tr/kapida/sut-urunleri-kahvaltilik/pinar-protein-vanilyali-sut-500-ml-_p-12002260,11/10/2024 15:04
https://cdn2.a101.com.tr/dbmk89vnr/CALL/Image/get/e8FieJnZUF_500x500.png,Sek Vanilyalı Beyaz Çikolatalı Milkshake Sütlü İçecek 330 Ml,12002838,"₺29,00",-,Teslimat adresinize göre ürünün stok durumu değişebilir. Teslimat adresinizi ekledikten sonra ürün stok durumunu görüntüleyebilirsiniz.,Süt Ürünleri ve Kahvaltılıklar,https://www.a101.com.tr/kapida/sut-urunleri-kahvaltilik/sek-vanilyali-beyaz-cikolatali-milkshake-sutlu-icecek-330-ml_p-12002838,11/10/2024 15:04
https://cdn2.a101.com.tr/dbmk89vnr/CALL/Image/get/t6efEK0svN_500x500.png,Sek Latte 330 Ml,12002835,"₺28,00",-,Teslimat adresinize göre ürünün stok durumu değişebilir. Teslimat adresinizi ekledikten sonra ürün stok durumunu görüntüleyebilirsiniz.,Süt Ürünleri ve Kahvaltılıklar,https://www.a101.com.tr/kapida/sut-urunleri-kahvaltilik/sek-latte-330-ml-_p-12002835,11/10/2024 15:04
https://cdn2.a101.com.tr/dbmk89vnr/CALL/Image/get/hQxO1Ro-XA_500x500.png,"Dr. Oetker Toz Sahlep 13,5 G",30000676,"₺5,75",-,"Kış akşamlarının vazgeçilmez içeceklerinden biri olan salep Dr. Oetker Sahlep lezzeti A101’de sizleri bekliyor. Soğuk kış günlerinde sıcaklığıyla içinize işleyen bu lezzeti süt ile kolaylıkla hazırlayarak kendinize ve sevdiklerinize keyifli bir deneyim yaşatabilirsiniz.
  Genel Özellikler
Ürün Türü: Salep
Toplam Ağırlık: 13,5 gr
     
Teslimat adresinize göre ürünün stok durumu değişebilir. Teslimat adresinizi ekledikten sonra ürün stok durumunu görüntüleyebilirsiniz.",Süt Ürünleri ve Kahvaltılıklar,https://www.a101.com.tr/kapida/sut-urunleri-kahvaltilik/dr-oetker-toz-sahlep-135-g_p-30000676,11/10/2024 15:04
https://cdn2.a101.com.tr/dbmk89vnr/CALL/Image/get/00Bw2seQuR_500x500.png,Cafex Toz Sahlep 17 G,30000679,"₺3,50",-,"Kış akşamlarının vazgeçilmez içeceklerinden biri olan salep Cafex Sahlep lezzeti A101’de sizleri bekliyor. Soğuk kış günlerinde sıcaklığıyla içinize işleyen bu lezzeti süt ile kolaylıkla hazırlayarak kendinize ve sevdiklerinize keyifli bir deneyim yaşatabilirsiniz.
  Genel Özellikler
Ürün Türü: Salep
Toplam Ağırlık: 17 gr
   
Teslimat adresinize göre ürünün stok durumu değişebilir. Teslimat adresinizi ekledikten sonra ürün stok durumunu görüntüleyebilirsiniz.",Süt Ürünleri ve Kahvaltılıklar,https://www.a101.com.tr/kapida/sut-urunleri-kahvaltilik/cafex-toz-sahlep-17-g_p-30000679,11/10/2024 15:04
